Peco Peco; Large Beast; Neutral; 14; natural; 39; 6d10+6; 60 ft; 17; 11; 13; 6; 13; 5; Dexterity +2; Passive Perception 11; Fire; ; ; ; ; 2; 450; ; Peck. Melee Weapon Attack: +5 to hit, reach 5ft., one target. Hit: 9 (2d6 +3) bludgeoning damage.<br><br>Fire Bolt (Recharge 5/6). Ranged Magic Attack: +5 to hit, reach 30ft., one target. Hit: 13 (2d8 +4) Fire damage.<br>; ; 
Grand Peco; Large Beast; Neutral; 15; natural; 55; 8d10+11; 60 ft; 19; 13; 14; 6; 18; 5; Dexterity +3; Passive Perception 13; Fire; ; ; ; ; 4; 1,150; ; Peck. Melee Weapon Attack: +6 to hit, reach 5ft., one target. Hit: 14 (3d6 +4) bludgeoning damage.<br><br>Lightning Bolt (Recharge 5/6). Ranged Magic Attack: +6 to hit, reach 30ft., one target. Hit: 19 (3d8 +5) Lightning damage.<br>; ; 
Female Thief Bug; Medium Insect; Neutral; 14; natural; 22; 6d10+6; 30 ft; 17; 11; 13; 6; 13; 5; Dexterity +2; Passive Perception 11, Stealth +3; ; ; Charm, Poison; Darkvision 120ft; ; 1; 200; ; Bite. Melee Weapon attack: +4 to hit, reach 5ft., on target. Hit: 8 (2d4 +3) Piercing damage.<br><br>Agility Up (recharge 4,5,6). Female Thief Bug blesses up to 2 other creatures it can see, those creatures gain an additional action on their next turn; ; Looter. Female Thief bug steals 1gp for each hit made against a target.
Male Thief Bug; Medium Insect; Neutral; 14; natural; 29; 6d10+6; 30 ft; 17; 11; 13; 6; 13; 5; Dexterity +2; Passive Perception 11, Stealth +3; ; ; Charm, Poison; Darkvision 120ft; ; 2; 450; ; Bite. Melee Weapon attack: +4 to hit, reach 5ft., on target. Hit: 10 (3d4 +3) Piercing damage.<br><br>Agility Up (recharge 4,5,6). Male Thief blesses up to 2 other creatures it can see, those creatures gain an additional action on their next turn.; ; Looter. Male Thief bug steals 1gp for each hit made against a target.
Golden Thief Bug; Large Insect; Neutral; 17; natural; 116; 10d10+56; 45 ft; 17; 16; 15; 6; 14; 5; Dexterity +2, Wissdom +3; Passive Perception 14, Stealth +4; Magic Damage; Fire; ; Darkvision 120ft; ; 6; 2,300; ; Multiattack. Golden Thief Bug makes 2 Bite and 1 Hip Check attacks.<br><br>Bite. Melee Weapon attack: +6 to hit, reach 10ft., on target. Hit: 14 (5d4 +2) Piercing damage.<br><br>Hip Check. Melee Weapon attack: +6 to hit, Reach 5ft., one target. Hit: 15 (3d8 +2) Bludgeoning damage and the target must succeed a DC 15 Dexterity saving throw or become prone.<br><br>Fireblast (recharge 5/6). Golden Thief Bug sprays a jet of fire from its antennae in a 45ft cone. All creatures in the radius must make a DC 15 Dexterity saving throw, taking 25 (5d6 +6) Fire damage on a failed throw, and half as much as a successful one.<br><br>; The Golden Thief Bug can take 3 Legendary Actions, using the options below. It can take only one legendary action at a time and only at the end of another creature's turn. The Golden Thief Bug regains spent legendary points at the start of its turn.<br><br>Assumptio (Costs 2 Actions). Golden Thief Bug blesses itself and gains 25 Temporary Hit points.<br>Mammonite. Melee Weapon attack: +6 to hit, reach 10ft., one target. Hit: 1d12+1 bludgeoning damage for each gold it has stolen.<br>Shift. Golden Thief Bug moves up to 30ft without provoking opportunity attacks.<br>; Looter. Golden Thief bug steals 5gp for each hit made against a target.<br><br>Magic Resistance. Golden Thief Bug gains advantage on all rolls from magical attacks and effects<br><br>Stealthy. Golden Thief Bug can make checks to become hidden as a bonus action.
Narjalala; Huge Beast; Neutral; 18; natural; 187; 12d12 + 115; 45 ft, Burrow 30ft; 22; 16; 24; 6; 23; 5; Dexterity +2, Wissdom +3; Passive Perception 19, Stealth +7; Poison; ; Prone; Darkvision 120ft; ; 11; 11,000; ; Multiattack. Narjalala makes 2 Bite and 1 Wrap attacks.<br><br>Bite. Melee Weapon attack: +9 to hit, reach 15ft., one target. Hit: 20 (5d6 +2) Piercing damage.<br><br>Wrap. Narjalala coils up and grabs any creatures that occupy the same space as the Narjalala. Creatures must succeed a DC 18 Strength saving throw or become Grappled (Escape DC 19). <br><br>Crush. Melee Weapon Attack: +9 to hit, reach 0ft., one target. Hit: 50 (5d10 +12) Bludgeoning damage.<br><br>; The Narjalala can take 3 Legendary Actions, using the options below. It can take only one legendary action at a time and only at the end of another creature's turn. The Narjalala regains spent legendary points at the start of its turn.<br><br>Devour (Costs 2 Actions). A Grappled creature must succeed a DC 18 Strength check or the Narjalala devours the creature it has grappled and regains 3d12 +10 hit points. The devoured creature is killed.<br><br>Wrap.<br><br>Shriek (recharge 5/6). Narjalala lets out a loud shriek. All creatures that can hear it must succeed a DC 17 Constitution save or become stunned and deafened until the end of Narjalala next turn.<br>; Maneuverable. Narjalala can occupy the same space as a medium or smaller creature.
Maya; Huge Insect; Neutral; 17; natural; 165; 20d10 + 55); 45 ft, Burrow 30ft; 22; 16; 24; 14; 23; 15; Dexterity +2, Wissdom +3; Passive Perception 19, Intimidate +3, Bluff +5; Bludgeoning, Slashing; ; ; Darkvision 120ft; ; 8; 5,000; ; Multiattack. Maya makes 2 Pierce and 1 Break or 1 Auto Guard attacks.<br><br>Pierce. Melee Weapon Attack: +7 to hit, reach 10ft., one target. Hit: 13 (3d6 +3) Piercing damage.<br><br>Break. Melee Weapon Attack: +7 to hit, reach 10ft., one target. Hit: 15 (2d8 +6) Piercing damage and any armor or shields that are made of metal suffer a permanent -1 to AC.<br><br>Auto-guard. Maya's arms shift into a hard shell and encases herself. She gains +3 AC until the start of her next turn. If a creature attacks Maya while she is guarding, she can use a reaction to use her Multiattack.<br><br><br>Heaven's Drive (Recharge 5/6). Maya unearths chunks of rock beneath one target. The target and each creature within 10ft of the target must make a DC 16 Dexterity check, taking 30 (3d10 +13) Bludgeoning damage and becoming prone on a failed throw, and half as much without being prone on a successful one.<br><br>; Maya can take 3 Legendary Actions, using the options below. It can take only one legendary action at a time and only at the end of another creature's turn. Maya regains spent legendary points at the start of its turn.<br><br>Heal (costs 2 Actions). Maya regains 25 Hit points.<br><br>Heavens Drive (Only if it is available).<br><br>Silence (recharge 5/6). Maya Utters a quiet Hymn, and all creatures that can hear it must succeed a DC 16 Intelligence Saving throw or become Silenced for 1 minute.<br><br>Shriek (recharge 5/6). Maya lets out a loud shriek. All creatures within 200ft of the Narjalala and that can hear it must succeed a DC 15 Constitution save or become stunned and deafened until the end of the Maya's next turn.<br>; Charming Presence. Each creature that ends its turn within 30 ft of Maya must succeed a DC 16 Wisdom saving throw or become charmed until the end of their next turn. Creatures that succeed this roll do not have to make further saves.
Clock Tower Manager; Huge Construct; Neutral; 19; natural; 188; 40d6 +48); 0ft, Fly 60ft; 28; 16; 24; 14; 19; 15; Dexterity +2, Wissdom +3; Passive Perception 17; ; Poison, Necrotic; Prone, Charm, Sleep, Blind, Deafened; Blindisght 120ft; ; 9; 7,000; ; Multiattack. Clock Tower Manager Makes 2 Hammer and 1 Sleep Dart Attacks.<br><br>Hammer. Melee Weapon attack: +8 to hit, range 10ft., one target. Hit: 21 (2d12 +8) Bludgeoning Damage.<br><br>Sleep Dart. Ranged Magic Attack: +8 to hit, range 45ft., one target. Hit: 9 (1d4 +7) Piercing damage and the target must succeed a DC 17 constitution save or fall asleep. <br><br>Fire Pillar (Recharge 4/5/6). The Clock Tower Manager summons  huge pillar of fire 10 ft wide and 20 ft tall on a target it can see. The target must succeed a DC 15 Dexterity saving throw to roll out of the way and move 5ft away from the fire, or suffer 44 (4d12 +18) Fire damage. The Pillar remains for 1 minute and each creature that ends its turn within 10 ft of the pillar must succeed a DC 16 Constitution saving throw or suffer 1 level of exhaustion.; The Clock Tower Manager can take 3 Legendary Actions, using the options below. It can take only one legendary action at a time and only at the end of another creature's turn. The Clock Tower Manager regains spent legendary points at the start of its turn.<br><br>Teleport. Clock Tower Manager teleports up to 120ft in an open space.<br><br>Dispel. Clock Tower manager removes the effect of 1 magical spell or ability from any target it can see.<br><br>Silence (recharge 5/6). The Clock Tower Manager Utters a quiet Hymn, and all creatures that can hear it must succeed a DC 16 Intelligence Saving throw or become Silenced for 1 minute.<br><br>Fire Pillar (Costs 2 Actions)(If it is available).; Magic Resistant. Clock Tower Manager has advantage to all saving throws against magical attacks and effects.<br><br>Magic Detector. Clock Tower manager can pinpoint the location a magical source or effect within a 300 ft radius of itself.
Abyssal Knight; Huge Demon; Evil; 17; natural; 381; 40D12 + 41; 60ft; 28; 19; 25; 14; 19; 12; Dexterity +2, Wissdom +3, Constitution +3; Passive Perception 17; Psychic, Poison, Necrotic; ; Prone, Frightened; ; Abyssal; 17; 16,000; ; Multiattack. Abyssal Knight makes 1 Lance, 1 Greatsword, and 1 Crossbow Attack or 1 Trample Attack.<br><br>Lance. Melee Weapon Attack: +10 to hit, Range 15ft., one target. Hit: 29 (4d10 +7) Piercing Damage and the target is knocked back 30ft.<br><br>Greatsword. Melee Weapon Attack: +10 to hit, Range 10ft., One Target. Hit: 31 (4d12 +5) Slashing Damage and the target is knocked Prone.<br><br>Crossbow. Ranged Weapon Attack: +11 to hit, Range 120ft., One Target. Hit: 27 (4d8 +9) Piercing damage.<br><br>Trample. Melee Weapon Attack: +10 to hit, Reach 5ft., one target. Hit: 28 (4d10 +6) Bludgeoning damage.<br><br>; The Abyssal Knight can take 3 Legendary Actions, using the options below. It can take only one legendary action at a time and only at the end of another creature's turn. The Abyssal Knight regains spent legendary points at the start of its turn.<br><br>Charge (Costs 2 Actions). The Abyssal Knight moves up to his speed and performs a Trample Action.<br><br>Crossbow.<br><br>Summon Khalitzburg (Recharge 5/6). The Abyssal Knight summons 3 Khalitzburg within 30ft of itself.<br><br>; Terrifying Presence. Each creature that ends their turn within 30ft of the Abyssal Knight must succeed a DC 19 Wisdom Saving throw or become Frightened until the end of their next turn. Creatures that succeed this throw do not have to make further saves.<br><br>Trampling Charge. If Abyssal Knight moves 20 ft in a straight line towards a creature and hits with a Trample in the same turn, it can use Trample against the target as a bonus action that turn.
Khalitzburg; Medium Undead; Evil; 18; ; 38; ; 25ft; 16; 12; 9; 4; 10; 2; Constitution +1; Perception +2; ; Necrotic, Poison, Psychic; Charmed, Frightened, Deafened, Blind; Blindsight 120ft; ; 3; 800; ; Multiattack. Khalitzburg make 2 Longsword attacks.<br><br>Longsword. Melee Weapon Attack: +5 to hit, range 5ft., one target. Hit: 11 (1d8 +6) Slashing damage.<br><br>; ; Critical Hit. Khalitzburg score critical hits on rolls off 18-20
Executioner; Medium Construct; Evil; 18; ; 60; ; oft, Fly 60ft; 19; 15; 12; 8; 14; 4; ; Stealth +4; ; Poison, Necrotic, Psychic; Prone, Charm, Frightened, Sleep, Polymorph; ; Abyssal; 4; 1,100; ; Multiattack. Executioner makes 2 slash attacks.<br><br>Slash. Melee Weapon Attack: +5 to hit, reach 5ft., one target. Hit: 11 (2d8 +2) Slashing damage.<br><br>; ; False Appearance. While motionless, Executioner is indistinguishable from an ordinary sword.<br><br>
Mysteltainn; Medium Construct; Evil; 18; ; 60; ; 30ft; 19; 15; 12; 8; 14; 4; ; Stealth +4; ; Poison, Necrotic, Psychic; Prone, Charm, Frightened, Sleep, Polymorph; ; Abyssal; 4; 1,100; ; Multiattack. Mysteltainn makes 2 slash attacks.<br><br>Slash. Melee Weapon Attack: +5 to hit, reach 5ft., one target. Hit: 14 (2d10 +3) Slashing damage.<br><br>Armor Break. Melee Weapon Attack: +5 to hit, reach 5ft., one target. Hit: 12 (1d12 +6) Slashing damage and the targets armor gains a permanent -1 to AC.<br><br>; ; False Appearance. While motionless, Mysteltainn is indistinguishable from an ordinary sword.<br><br>
Ktullanux; Huge Elemental; Evil; 17; ; 489; ; 45 ft, Burrow 15 ft, Climb 15 ft; 24; 22; 20; 17; 19; 12; Wisdom +3, Intelligence +3; Perception +6, Stealth +4, Bluff +5, Diplomacy +6; Cold; Poison, Necrotic; Poisoned; Tremorsense 120ft; Common, Abyssal, Primordial; 20; 25,500; ; Multiattack. Ktullanux makes 2 Bite and 1 Tail swipe attack.<br><br>Bite. Melee Weapon Attack: +11 to hit, Reach 10ft., one target. Hit: 19 (2d12 +6) Piercing Damage and 8 (1d8 +3) Cold Damage.<br><br>Tail Swipe. Melee Weapon Attack: +10 to hit, Reach 10ft., one Target. Hit: 17 (2d10 +6) Bludgeoning damage and 8 (1d8 +3) Cold Damage, and the target must succeed a DC 18 Constitution saving throw or suffer 1 level of Frost Bite.<br><br>Storm Gust(Recharge 5/6). Ktullanux Summons a powerful blizzard until the end of its next turn. At the end of each enemies turn, they must succeed a DC 20 Constitution Saving throw or become prone and suffer 1 level of Frost bite.<br><br>Glaciate (Recharge 6). Ktullanux Flash Freezes the air  around it. All creatures within 60ft of Ktullanux become frozen until the end of their next turn, and suffer 1 level of Frost Bite.<br>; Ktullanux can take 3 Legendary Actions, choosing from the options below. Only one legendary action can be used at a time and only at the end of another creature's turn. Ktullanux regains spent Legendary Actions at the start of its turn.<br><br>Detect. Ktullanux can make a Wisdom (Perception) Check.<br><br>Frost Diver. Ranged Magic Attack: +11 to hit, Range 60ft., Up to two targets. Hit: 25 (4d8 +7) Cold damage, and the target must succeed a DC 18 Strength Check or become Restrained (escape DC 18).<br><br>Storm Gust (If Available) (Costs 2 Actions).<br><br>Heal (Recharge 5/6). Ktullanux regains 25 hit points.; Frigid Body. Each creature that ends its turn within 15ft of Ktullanux must succeed a DC 20 Constitution save or suffer 1 level of Frost Bite. Each level of Frost Bite causes a -1 Penalty to all skill checks for 1 hour.
Dullahan; Medium Construct; Evil; 18; ; 55; ; 30ft; 19; 15; 12; 8; 14; 4; ; Stealth +4; ; Poison, Necrotic, Psychic; Prone, Charm, Frightened, Sleep, Polymorph; ; Abyssal; 4; 1,100; ; Multiattack. Dullahan makes 1 Bite attack and 1 armor break attack.<br><br>Bite. Melee Weapon Attack: +5 to hit, reach 5ft., one target. Hit: 14 (2d10 +3) piercing damage.<br><br>Armor Break. Melee Weapon Attack: +5 to hit, reach 5ft., one target. Hit: 12 (1d12 +6) Slashing damage and the targets armor gains a permanent -1 to AC.<br><br>; ; False Appearance. While motionless, Dullahan is indistinguishable from an ordinary set of armor.<br><br>
Mutant Dragonoid; Medium Monstrosity; Evil; 16; ; 54; ; 20ft, Fly 10ft; 18; 14; 17; 14; 13; 12; Wisdom +3; Passive Perception 14; Fire; ; ; Darkvision 60ft; Common, Draconic; 3; 800; ; Fireball. Ranged Magic Attack: +5 to hit, Reach 45ft., one target. Hit: 15 (3d6 +4) Fire damage.<br><br>Fire Breathe (recharge 5/6). Mutant Dragonoid breathes fire in a 60ft cone in front of him. Each creature in the blast must make a DC 15 dexterity saving throw, taking 20 (2d10 +9) fire damage on a failed save, or half as much on a successful one.; ; 
Eddga; Large Beast; Neutral; 17; Natural; 87; 6d10 +44; 45ft; 18; 14; 16; 11; 18; 8; Wisdom +2, Constitution +2; Perception +4, Stealth +4; Fire; ; ; Darkvision 60ft; Common; 5; 2,300; ; Multiattack. Eddga Makes either 2 Claw Attacks, or 1 Claw Attack and 1 Bite attack.<br><br>Claw. Melee Weapon attack: +6 to hit, reach 5ft., one target. Hit: 7 (1d6 +3) Slashing damage and 5 (1d4 +2) Fire damage.<br><br>Bite. Melee Weapon Attack: +5 to hit, reach 5ft., one target. Hit: 10 (2d6 +3) Piercing damage.<br>; Eddga can take 3 Legendary actions, choosing from the options below. Only 1 Legendary action can be used at a time, and only at the end of another creature's turn. Eddga regains spent Legendary Actions at the start of its turn.<br><br>Glare. Edgga Stares down a target it can see. The target must succeed a DC 14 Wisdom Saving throw or become frightened for one round.<br><br>Claw.<br><br>Pounce (recharge 5/6). Eddga moves up to his speed and makes 2 claw attacks.; Deep Wounds. Attacks made by eddga penetrate the thickest of armor. Each time Eddga hits a creature with an attack, it must succeed a DC 15 constitution saving throw or suffer 1d6 additional bleeding damage.
Vesper; Huge Construct; Good; 19; Natural; 444; 40D10 +244; 30ft; 29; 19; 24; 20; 22; 18; Wisdom +4, Constitution +3; Perception +4, Bluff +7, Diplomacy +5; Magical; Necrotic, Poison; Charm, Poison; ; Common; 21; 27,000; ; Multiattack. Vesper Makes 2 Punch and 1 Shoulder Check Attack.<br><br>Punch. Melee Weapon attack: +11 to hit, range 10ft., one target. Hit: 22 (2D12 +9) Bludgeoning Damage and the target gains a Marker.<br><br>Shoulder Check. Melee Weapon Attack: +11 to hit, range 5ft., one target. Hit: 20 (2d10 +9) Bludgeoning damage. Vesper can disengage and move 10ft before or after making this attack.<br><br>Earthquake (recharge 5/6). Vesper stomps the ground and releases a powerful shockwave. all creatures within 30ft of Vesper must succeed a DC 20 Acrobatics saving throw or become stunned for 1 round and prone.; Vesper can take 3 Legendary actions, choosing from the options below. Only 1 Legendary action can be used at a time, and only at the end of another creature's turn. Vesper regains spent Legendary Actions at the start of its turn.<br><br>Earthquake (if Available).<br><br>Charger. Vesper can move up to his speed and make a shoulder check action.<br><br>Meteor Storm (costs 2 Actions) (recharge 6). Vesper tears open the fabric of reality and open a portal to a cosmic realm as meteors start to pour through. 2d6 meteors randomly hit all creatures vesper can see (including itself). All targeted creatures must make a DC 19 Athletics check, suffering 30 (4d10 +8) Fire damage and getting stunned for 1 round on a failed save, and half as much and no stun on a successful one.<br><br>; Magic Resistance. Vesper has advantage on all saving throws made against magic spells and effects.<br><br>Loud. Vesper cannot make checks to hide.<br><br>Locked On. Vesper gains +1 to Hit and +2 to damage rolls against creatures per marker they have.
Moonlight Flower; Medium Hummanoid; Evil; 15; Natural; 229; 20D10 + 119; 45 ft; 19; 14; 17; 13; 18; 14; Wisdom +4, Constitution +3; Perception +4, Bluff +7, Diplomacy +5; Fire, Necrotic, Radiant; ; ; ; Common; 11; 12,000; ; Bell Slam. Melee weapon attack: +8 to hit, Reach 15ft., One target and each creature within 10ft of the initial target. Hit: 20 (2d12 +7) Bludgeoning damage, and the target must succeed a DC 16 Constitution saving throw or become stunned until the end of their next turn.<br><br>Land Protector (Recharge 6). Moonlight Flower blesses a 60ft square of land for 1 hour. Anything in the blessed space cannot be attacked or effected by magic or skills that affect an area.<br><br>Full Strip (recharge 5/6). Ranged Magic Attack: +8 to hit, range 30ft., one target. Hit: All equipment is removed from the target and placed on the ground.<br><br><br><br><br>; Moonlight Flower can take 3 Legendary actions, choosing from the options below. Only 1 Legendary action can be used at a time, and only at the end of another creature's turn. Moonlight Flower regains spent Legendary Actions at the start of its turn.<br><br>Full Strip (if Available).<br><br>Teleport. Moonlight Flower can teleport up to 120ft away in an open space.<br><br>Fire Bolt. Ranged Magic Attack: +8 to hit, range 45ft., one target. Hit: 25 (4d6 +11) fire damage<br><br>Lightning Bolt. Ranged Magic Attack: +8 to hit, range 45ft., one target. Hit: 25 (4d6 +11) Lightning damage.<br><br>Summon Ninetails (recharge 5/6). Summon 3 Nine tails within 30ft of Moonlight Flower.<br><br>; Counter. Each time a creature within 5 ft of Moonlight Flower attacks, Moonlight Flower can make a Bell Slam attack as a reaction.<br><br>
Nine Tails; Medium Beast; Evil; 14; ; 34; ; 45ft; 12; 15; 11; 9; 14; 6; ; Passive Perception 15, Stealth +7, Perception +7; Fire; ; ; Darkvision 60ft; ; 3; 800; ; Bite. Melee Weapon attack: +5 to hit, range 5ft., one target. Hit 8 (2d4 +4) piercing damage and 6 (1d6 +3) fire damage.<br><br>; ; REACTION - If Moonlight Flower is the target of an attack or action, and Nine Tails is within its move distance to Moonlight Flower. it can move up to its speed and become the target for that attack or action instead.
Phreeoni; Large Monstrosity; Evil; 16; ; 185; ; 30 ft, Burrow 20 ft; 18; 16; 22; 17; 19; 15; Wisdom +3, Constitution +4; Passive Perception 15, Perception +2; Bludgeoning; ; Pertify; Tremorsense 120ft; ; 9; 5,000; ; Stone Curse. Ranged Magic Attack: hit +7, range 30ft., one target. Hit: Target becomes petrified for 1 minute or until it receives damage.<br><br>Lick. Melee Weapon attack: +7 to hit, range 10ft., one target. Hit: 25 (2d8 +16) Bludgeoning damage an the target must succeed a DC 15 constitution saving throw or suffer 1 level of exhaustion.<br><br>; Phreeoni can take 3 Legendary Actions, choosing from the options below. Only one Legendary actions can be used at a time, and only at the end of another creatures turn. Phreeoni regains spent Legendary actions at the start of his turn.<br><br>Lick.<br><br>Stone Curse.<br><br>Sandstorm (Costs 2 Actions). Phreeoni Whips up a powerful gust, causing sand to be blown into the air around itself. Until the end of its next turn, all creatures within 30ft of have obscured vision, and creatures outside the sandstorm cannot see into it.; Counter. Whenever a creature within 10 ft of Phreeoni makes an attack against it, Phreeoni can use a reaction to use a Lick Action.
Chimera; Large Monstrosity; Evil; 17; ; 178; ; 45 ft; 20; 16; 19; 14; 18; 11; Wisdom +3, Constitution +4; Passive Perception 15, Perception +2; Slashing, Piercing; Poison, Necrotic; Pertify; ; ; 8; 4,500; ; Multiattack. Chimera makes 5 Poison Bite attacks.<br><br>Poison Bite. Melee Weapon Attack: +7 to hit, range 5ft., one target. Hit: 8 (1d8 +4) Poison damage and the target must succeed a DC 15 Constitution saving throw or become poisoned.<br><br>Hammer Arms. Melee Weapon Attack: +7 to hit, range 10ft., one target and each creature within 5ft of the initial target. Hit: 25 (2d10 +14) Bludgeoning Damage.<br><br>Earth Shatter. Ranged Magic Attack: +8 to hit, range 45ft., one target. Hit: 30 (3d10 +13) Thunder damage and the target is knocked prone.<br><br><br>; Chimera can take 3 Legendary Actions, choosing from the options below. Only one Legendary actions can be used at a time, and only at the end of another creatures turn. Chimera regains spent Legendary actions at the start of his turn.<br><br>Howl (Costs 2 Actions). The Chimera lets out a loud roar. All creatures that can hear it must succeed a DC 15 Constitution saving throw or become deafened and stunned until the end of their next turn.<br><br>Shift. The Chimera uses the disengage action and moves up to its speed.<br><br>Detect. The Chimera makes a Wisdom (perception) Check.<br><br>; Counter. Chimera may use its multiattack against creatures that end their turn within 5ft of the Chimera.<br><br>Multiple Eyes. Creatures within 10ft of Chimera do not gain advantage on attacks.
Drake; Medium Undead; Evil; 16; ; 253; ; 25ft; 14; 15; 12; 14; 15; 12; Constitution +8; Passive Perception 13, Perception +3; Piercing; Poison; Poisoned; ; Common, Abyssal; 13; 14,000; ; Multiattack. Drake makes 2 Slash and 1 Pistol attack.<br><br>Pistol. Ranged Weapon Attack: +10 to hit, range 30ft., one target. Hit: 25 (3d10 +9) Piercing damage.<br><br>Slash. Melee Weapon Attack: +10 to hit, range 5ft., one target. Hit 25 (3d8 +11) Slashing damage.<br><br>Agility Down. Ranged Magic Attack: +10 to hit, range 30ft., one target. Hit: The target becomes cursed for 1 hour. While cursed the target can only make 1 action and is slowed.<br><br>; Drake can take 3 Legendary Actions from the options shown below. Only one Legendary Action can be used at a time, and only at the end of another creature's turn. Drake regains Legendary Actions at the start of its turn.<br><br>Waterball (recharge 5/6). Drake summons 2d6 Sphere of compact water. Each waterball attacks an enemy at random. Creatures targeted by the water balls must make a DC 17 Athletics Check, suffering 10 (2d6 +3) Cold damage on a failed saving throw, or half as much on a successful one per waterball.<br><br>Break Armor (Costs 2 actions). Melee Weapon attack: +11 to hit, reach 5ft., one target. Hit: the targets armor grants a permanent -2 to AC.<br><br>Deathly Visage. Drake Stares down one creature he can see. The creature must succeed a DC 16 Wisdom saving throw or become frightened until the end of its next turn.<br>; Undead Fortitude. When Drake's hit points drop to 0, it makes a Constitution saving throw with a DC equal to 5 + the damage done to it, on a success Drake remains at 1 hit point.<br><br>
Gryphon; Large Beast; Neutral; 16; ; 149; ; 30ft, Fly 60ft; 18; 13; 15; 11; 15; 9; Wisdom +3, Dexterity +3; Passive Perception 13, Perception +3; Lightning, Thunder; ; ; Darkvision 60ft; ; 7; 6,000; ; Multiattack. Gryphon makes 2 claw attacks.<br><br>Claw. Melee weapon attack: +6 to hit, range 5ft., one target. Hit: 13 (2d6 +8) slashing damage.<br><br>Dive. The Gryphon dives out of the air and attempts to pickup a medium or smaller creature with its claws. the creature must succeed a DC 15 Dexterity saving throw or become grappled (Escape DC 16).<br><br>Lightning Breathe (recharge 5/6). The Gryphon breathes bolts of lightning in a 45ft cone. Creatures in the blast must make a DC 15 Dexterity saving throw, suffering 30 (3d10 +12) Lightning damage and becoming deafened and blinded until the end of their next turn on a failed save, and half as much and no conditions on a successful one.; Gryphon can take 3 Legendary Actions from the options shown below. Only one Legendary Action can be used at a time, and only at the end of another creature's turn. Gryphon regains Legendary Actions at the start of its turn.<br><br>Fly-by Attack (Costs 2 Actions). The gryphon flies up to its speed and can move through occupied spaces during this move. Any creature the Gryphon moves through must succeed a DC 16 Dexterity saving throw or suffer 11 (2d6 +4) Slashing damage and be knocked prone.<br><br>Multiattack.<br><br>Detect. The Gryphon makes a Wisdom (perception) check.<br>; Hungry. Gryphons will disengage to eat if food is available.<br><br>Keen senses. Gryphons gain advantage on Perception checks that rely on smell or sight.
Ifrit; Huge Elemental; Evil; 17; ; 444; ; 45ft, fly 45 ft; 24; 19; 22; 15; 19; 15; Wisdom +3, Dexterity +3, Constitution +4; Passive Perception 17, Perception +3; Lightning, Non-magical; Fire, Poison, Necrotic; Prone, Blind; ; Abyssal, Common; 22; 22,000; ; Multiattack. Ifrit makes 2 Fireball and 1 Magma Arm attacks.<br><br>Fireball. Ranged Magic Attack: +12 to hit, Range 45ft., one target. Hit: 30 (3d10 +13) Fire damage.<br><br>Magma Arm. Melee Magic Attack: +12 to hit, range 15ft., one target. Hit: 26 (3d12 +6) Bludgeoning Damage and 10 (2d6 +3) Fire damage.<br><br>Earthquake (recharge 6). Ifrit causes the ground to rumble and shake. All creatures within 30ft of Ifrit must succeed a DC 22 Dexterity saving throw or be knocked prone.<br><br>Meteor Storm (recharge 6). Ifrit opens up a tear in the fabric of reality, opening a portal to a cosmic realm as meteors start to pour from it. 2d8 Meteors attack all creatures Ifrit can see (including itself) at random. Each targeted creature must make a DC 21 Athletics check, suffering 15 (2d8 +6) fire damage on a failed saved, and half as much on a successful one per meteor.<br><br>Fire Breathe (recharge 5/6). Ifrit Exhales a cloud of fire in a 60ft cone. all creatures in the blast must make a DC 22 Dexterity saving throw, suffering 70 (10D10 +15) Fire damage on a failed save, and half as much on a successful one.; Ifrit can take 3 Legendary Actions from the options shown below. Only one Legendary Action can be used at a time, and only at the end of another creature's turn. Ifrit regains Legendary Actions at the start of its turn.<br><br>Teleport. Ifrit Teleports up to 120ft away in an open space.<br><br>Full Strip (costs 2 Actions). Ranged Magic Attack: +11 to hit, range 30ft., one target. Hit: All equipped items are dropped.<br><br>Meteor Storm (If Available).<br><br>Earthquake (If available).; Formless. Ifrit can occupy the same space as another creature and vise versa. Ifrit can also move through spaces as small as 1 inch in diameter<br><br>Extreme Heat. Each creature that ends its turn within 30ft of Ifrit must succeed a DC 21 Constitution save or suffer 1 Level of exhaustion.
Dark Illusion; Large Undead; Evil; 15; ; 164; ; 45ft, fly 45 ft; 14; 14; 19; 20; 19; 17; Wisdom +3, Dexterity +3, Constitution +4, Intelligence +3; Passive Perception 13, Perception +3, Bluff +5, Intimidate +6; Necrotic; Poison; ; ; Abyssal, Common; 10; 9,000; ; Mind Break. Ranged Magic Attack: +7 to hit, range 60ft., one target. Hit: 22 (2d10 +11) Psychic damage and the target must succeed a DC 16 Intelligence saving throw or become Frightened until the end of its next turn.<br><br>Push. Dark Illusion releases a powerful shockwave. Each creature within 10ft of Dark Illusion must succeed a DC 16 Constitution saving throw or suffer 20 (2d12 +7) Force Damage and be knocked back 15ft.<br><br>; Dark Illusion can use 2 Legendary Actions. Only one legendary action can be used at a time, and only at the end of another creature's turn. Dark illusion regains spent Legendary actions at the start of its turn.<br><br>Fear (recharge 6). Each creature that can see Dark Illusion must succeed a DC 15 Wisdom check or become Frightened.<br><br>Teleport. Dark illusion may teleport up to 120ft away in an open space.<br><br>; Counter. Dark Illusion can use a Reaction to use the Mind Break action against any creature that ends its turn within 5ft of Dark illusion.
Osiris; Medium Undead; Evil; 17; ; 399; ; 20 ft; 14; 17; 22; 20; 25; 17; Wisdom +3, Dexterity +3, Constitution +4, Intelligence +3; Passive Perception 16, Perception +3, Bluff +5, Intimidate +6; Necrotic; Poison; Blind, Frightened, Charm, Deafened.; ; Abyssal, Common; 20; 25,000; ; Venom Dust (recharge 4/5/6). Osiris releases a toxic mist in a 30ft cone. Creatures in the blast must make a DC 21 Constitution Saving throw, suffering 40 (10D6 +5) Poison damage and become poisoned on a failed roll, and half as much and becoming poisoned on a successful one. The mist lingers for 1d4 round.<br><br>Dark breathe (recharge 5/6). Osiris breathes a rotten gas, covering a 30ft cone. Creatures in the blast must make a DC 21 Dexterity saving throw, suffering 44 (10D6 +9) Necrotic Damage on a failed roll, and half as much on a successful one.<br><br>Quagmire (recharge 5/6). Osiris causes a 30ftx30ft patch of land to become unstable for 1d4 rounds. all creatures in the corrupted land are slowed.<br><br>Meteor Assault. Melee Weapon Attack: +11 to hit, Range 5ft., one target and each creature within 15ft of the initial target. Hit: 75 (10d10 +20) Necrotic Damage.<br><br>; Osiris can use 3 Legendary Actions. Only one legendary action can be used at a time, and only at the end of another creature's turn. Osiris regains spent Legendary actions at the start of its turn.<br><br>Fear (recharge 6). Each creature that can see Osiris must succeed a DC 22 Wisdom check or become Frightened.<br><br>Teleport. Osiris may teleport up to 120ft away in an open space.<br><br>Summon Isis (costs 2 actions). Osiris summons 3 Isis within 30ft of itself.<br><br>Meteor Assault.<br>; Miasma. Each creature that ends their turn within 5ft of Osiris must succeed a DC 20 Constitution saving throw or become Cursed for 1 hour. Cursed creatures can only use 1 action and are slowed.
Isis; Large Monstrosity; Evil; 14; ; 38; ; 30ft; 14; 11; 13; 13; 13; 11; ; ; Necrotic; ; Prone; Darkvision 60ft; Abyssal; 3; 800; ; Wrap. Isis coil up and wrap any creatures that occupy the same space as itself. Creatures being wrapped up must succeed a DC 15 Strength Check or become grappled (Escape DC 16).<br><br>Shadow Claws. Melee Weapon Attack: +5 to hit, range 5ft., one target. Hit: 11 (1d8 +7) Necrotic Damage.; ; Maneuverable. Isis can occupy the same space as a medium or smaller creature.
Dark Lord; Huge Undead; Chaotic Evil; 17; ; 489; ; 30 ft, Fly 30 ft; 15; 18; 24; 21; 19; 17; Constitution +3, Intelligence +4, Wisdom +3, Dexterity +3; Passive Perception 15, Perception +6, Bluff +9; ; Necrotic, Poison; Prone, Charm, Frightened; Darkvision 120ft, Tremorsense 120ft; All; 22; 22,500; ; Multiattack. Dark Lord uses 2 Death Grip attacks.<br><br>Death Grip. Melee Weapon attack: +11 to hit, range 10ft., one creature. Hit 33 (3d12 +13) Necrotic Damage and the target is grappled (Escape DC 19). Dark Lord can only have up to two targets grappled.<br><br>Fire Wall (recharge 5/6). Dark Lord makes a wall of fire that is up to 100ft long and 20ft tall for 1d4 rounds. Creatures that end their turn in or within 5ft of the fire wall must succeed a DC 21 Constitution saving throw or suffer 35 (3d10 +14) Fire damage and 1 level of exhaustion.<br><br>Hells Blessing. Dark Lord blesses up to 2 other creatures. Blessed creatures gain a +2 bonus to AC and an additional action until the end off their next turn.<br><br>Summon Dark Illusions (Recharge 6). Dark Lord summons 2 Dark Illusions within 30ft of itself.<br><br>; Dark Lord gets 3 Legendary Actions that it can use from the options below. Only one Legendary action may be used at a time, and only at the end of another creature's turn. Dark Lord regains spent Legendary Actions at the start of its turn.<br><br>Teleport. Dark Lord teleports up to 120ft away in an open space. Grappled creatures also teleport with him and remain grappled.<br><br>Detect. Dark Lord makes a Wisdom (perception) check.<br><br>Hells Judgement. Dark Lord Opens a Portal to another Dimension for 1d4 rounds.<br><br>Meteor Storm (Costs 2 Actions) (Recharge 5/6). Dark Lord tears open the fabric of reality and opens a portal to a cosmic realm as 3d8 meteors start to pour through. Meteors attack all creatures that Dark Lord can see (including itself). Creatures attacked by meteors must make a DC 22 Dexterity saving throw, suffering 17 (3d8 +3) Fire damage on a failed saving throw, or half as much on a successful one for each meteor.; Magic Resistance. Dark Lord gains advantage against saving throws from Magic spells and effects.<br><br>Pressure. Creatures that can see Dark Lord must succeed a DC 22 Intelligence Check or become stunned until the end of their next turn. Creatures only have to make this check once.
Baphomet; Huge Beast; Lawful Evil; 18; ; 450; ; 60ft; 28; 25; 24; 19; 20; 17; Constitution +5, Dexterity +5; Passive Perception 15, Perception +6, Bluff +9, Intimidate +9; Necrotic, Lightning.; ; Charm, Frightened; Darkvision 120ft, Tremorsense 120ft; All; 22; 22,500; ; Multiattack. Baphomet makes 2 Scythe Attacks<br><br>Scythe. Melee Weapon Attack: +12 to hit, reach 15ft., One target and each target within 10ft of the initial target. Hit: 44 (5d12 +11) Slashing Damage and the target is pushed 15ft.<br><br>Earthquake. Baphomet stamps his powerful hoof on the ground. All creatures within 15ft of Baphomet must succeed a DC 22 Dexterity Saving throw or become proned.<br><br>Jupitel Thunder. Ranged Magic Attack: +11 to hit, Range 120ft., one target. Hit: 99 (9d10 +54) Lightning Damage and the target is pushed back 30ft.<br><br>Summon Baphomet Jrs (recharge 6). Baphomet summons 3 Baphomet Jrs within 30ft of itself.<br><br>; Baphomet gets 3 Legendary Actions that it can use from the options below. Only one Legendary action may be used at a time, and only at the end of another creature's turn. Baphomet regains spent Legendary Actions at the start of its turn.<br><br>Teleport. Baphomet teleports up to 120ft away in an open space.<br><br>Detect. Baphomet makes a Wisdom (perception) check.<br><br>Break. Melee Weapon attack: +11 to hit, range 10ft., one target. Hit: 25 (2d12 +12) Bludgeoning damage and the targets equipped armor and shield gain a permanent -2 to AC<br><br>Lord of Vermillion (Costs 2 Actions)(recharge 6). Baphomet slams his scythe into the ground and summons down 3d8 Powerful bolts of Lightning. All creatures that Baphomet can see (including itself) Must make a DC 21 Dexterity saving throw, suffering 18 (3d6 +6) Lightning damage and becoming deafened on a failed throw, or half as much and not being deafened on a successful one for each bolt.; Pressure. Creatures that can see Baphomet must succeed a DC 22 Intelligence Check or become stunned until the end of their next turn. Creatures only have to make this check once.<br><br>Charging Swipe. If Baphomet moves 20ft in a straight line towards a creature and hits the same creature with a Scythe attack. Baphomet may make an Earthquake attack as a bonus action that turn.
Baphomet Jr; Small Beast; Lawful Evil; 14; ; 44; ; 45ft; 14; 11; 13; 12; 15; 10; ; Passive Perception 13; Necrotic, Lightning; ; ; Darkvision 60ft, Tremorsense 60ft; All; 3; 800; ; Multiattack. Baphomet Jr make 2 Scythe Attacks.<br><br>Scythe. Melee Weapon Attack: +6 to hit, range 10 ft., one target. Hit: 15 (3d4 +7) Slashing damage.<br><br>Lightning Bolt. Range Magic Attack: +6 to hit, range 45ft., one target. Hit 15 (3d6 +5) Lightning damage.<br>; ; 
RSX 0806; Huge Construct; Neutral; 19; ; 213; ; 45ft; 24; 14; 21; 11; 14; 9; Constitution +1, Dexterity +2; Passive Perception 13; ; Poison, Necrotic, Psychic; ; Darkvision 120ft; ; 6; 3,000; ; Multiattack. RSX 0806 makes 3 Saw blade attacks.<br><br>Saw Blade. Melee Weapon attack: +7 to hit, reach 10ft., one target. Hit: 15 (2d10 +4) Slashing damage<br><br>Self Destruct. RSX0806 dies and releases a huge explosion of fire and smog. Creatures within 30ft of RSX 0806 must make a DC 16 Dexterity saving throw or suffer 55 (10d10) fire damage on a failed saving throw, or half as much on a successful one.; ; Smog Clouds. When RSX 0806 moves, it leaves behind a trail of smog for 1d4 rounds. Enemies in or ending their turn in the smog are blinded and must succeed a DC 15 Constitution saving throw or suffer 5 (1d6 +2) Necrotic Damage.
Hydrolancer; Large Dragon; Evil; 16; ; 189; ; 45ft; 15; 13; 16; 13; 16; 11; Dexterity +3, Constitution +3; Passive Perception 15; Fire, Cold, Lightning; ; ; Darkvision 60ft; Draconic; 8; 3,900; ; Multiattack. Hydrolancer makes 1 Breathe attack or Claw attack for each head it has.<br><br>Claw. Melee Weapon Attack: +7 to hit, range 5ft., one target. Hit: 16 (2d8 +7) Slashing Damage.<br><br>Fire Breathe (recharge 5/6). Hydrolancer exhales a 60ft cone of fire. All creatures that are in the blast must make a DC 17 Dexterity saving throw, suffering 20 (3d10 +3) Fire damage on a failed roll, and half as much on a successful one.<br><br>Cold Breathe (recharge 5/6). Hydrolancer exhales a 60ft cone of Frost. All creatures that are in the blast must make a DC 17 Dexterity saving throw, suffering 20 (3d10 +3) Cold damage on a failed roll, and half as much on a successful one.<br><br>Static Breathe (recharge 5/6). Hydrolancer exhales a 60ft cone of Lightning bolts. All creatures that are in the blast must make a DC 17 Dexterity saving throw, suffering 20 (3d10 +3) Lightning damage on a failed roll, and half as much on a successful one.; Hydrolancer gets 2 Legendary Actions from the options below. Only one action may be used at a time, and only at the end of another creature's turn. Hydrolancer regains spent Legendary actions at the start of its turn.<br><br>Tail Swipe. Melee Weapon attack: +7 to hit, reach 10ft., one target. Hit: 15 (2d8 +6 Bludgeoning damage and the target is pushed back 10ft).<br><br>Detect. Hydrolancer makes a Wisdom (Perception) Check.<br><br>Any Breathe Weapon if able.; Multi-head. Hydrolancer loses 1 of its heads when its hit points drops to 126 or  fewer, and another head when it drops to 63 or fewer.
Gloom Under Night; Huge Monstrosity; Chaotic Evil; 17; ; 285; ; 40ft; 22; 15; 17; 11; 16; 9; Wisdom +3, Dexterity +2; Passive Perception 14, Intimidate +3; Slashing, Bludgeoning, Piercing; ; ; Bllindsight 120ft; Abyssal; 9; 5,000; ; Multiattack. Glood Under Night Makes 2 Magnum Break Attacks.<br><br>Magnum Break. Melee Weapon attack: +7 to hit, range 10ft., one target and each target within 10ft of that target. Hit: 20 (2d12 +7) Force damage and the targets are knocked back 15ft and must succeed a DC 16 Dexterity saving throw or be knocked prone.<br><br>Soul Strike. Ranged Magic Attack: +7 to hit, range 60ft., one target. 23 (7d8) Psychic Damage.<br><br>Fire Pillar (Recharge 5/6). Gloom Under Night conjures a 10x10 pillar of fire on a creature it can see. That creature and any creature within 10ft of the pillar must make a DC 17 Dexterity saving throw, suffering 30 (3d12 +10) Fire damage and 1 level of exhaustion on a failed throw, and half as much on a successful one.; Gloom Under Night has 3 legendary actions it can choose from the options below. Only one legendary action may be used at a time, and one at the end of another creature's turn. Gloom Under Night regains spent Legendary Actions at the start of its turn.<br><br>Multiattack.<br><br>Fire Pillar (If available).<br><br>Invisiblity. Gloom Under Night becomes invisible until the start of its next turn.<br><br>Sightrasher. Gloom Under Night emits a shockwave of fire and light. Each creature within 30ft of Gloom Under Night must make a DC 16 Dexterity saving throw, suffering 20 (2d10 +9) Fire damage on a failed throw, and half as much of a successful one. Creatures that are hidden, invisible, or in cover lose those benefits and suffer 2d10 additional fire damage.; Formless. Gloom Under Night can occupy the same space as another creature and vise versa.<br><br>
Vagabond Wolf; Large Beast; Neutral; 16; ; 78; ; 60ft; 14; 16; 13; 6; 11; 5; Constitution +3, Wisdom +2; Passive Perception 13, Intimidate +3; ; ; ; Darkvision 30ft; ; 4; 1,000; ; Bite. Melee Weapon Attack: +5 to hit, range 5ft., one target. Hit: 17 (3d8 +3) Piercing Damage.<br><br>Summon Desert Wolves (recharge 5/6). Vagabond Wolf summons 3 Desert Wolves.<br><br>Frost Diver. Ranged Magic Attack: +5 to hit, range 30ft., one target. Hit: 14 (3d6 +3) Cold damage and the target must succeed a DC 13 Strength Check, or become restrained until the end of their next turn.; ; Keen Senses. Vagabond Wolf gains advantage on Perception checks that rely on Smell or hearing.
Desert Wolf; Large Beast; Neutral; 14; ; 38; ; 60ft; 14; 16; 13; 6; 11; 5; Constitution +3, Wisdom +2; Passive Perception 13, Intimidate +3; Fire; ; ; Darkvision 30ft; ; 3; 700; ; Bite. Melee Weapon Attack: +5 to hit, range 5ft., one target. Hit: 17 (3d8 +3) Piercing Damage.<br><br>Fire Bolt. Ranged Magic Attack: +5 to Hit, Range 30ft., One target. Hit: 15 (3d6 +4) Fire Damage.; ; Keen Senses. Vagabond Wolf gains advantage on Perception checks that rely on Smell or hearing.<br>Gloom Under Night
Stormy Knight; Large Hummanoid; Lawful Evil; 18; ; 300; ; 45ft; 22; 18; 20; 16; 15; 11; Dextiery +2, Constitution +3; Passive Perception 14; Lightning, Thunder, Cold; ; Restrained, Deafened; ; ; 12; 9,000; ; Multiattack. Stormy Knight makes 3 attacks, two with his greatsword, and 1 with his shock breathe.<br><br>Greatsword. Melee Weapon attack: +9 to hit, reach 10ft., one target. Hit: 18 (2d10 +7) Slashing damage.<br><br>Shock Breathe. Melee Magic Attack: +9 to hit, reach 10ft., one target. Hit: 20 (3d10 +3) Lightning damage.<br><br>Storm Gust (recharge 6). Stormy Knight conjures a power blizzard around itself for 1d4 rounds. Creatures within 30ft of Stormy Knight at the end of their turn while the blizzard is active must succeed a DC 17 Constitution saving throw or suffer 30 (5d8 +8) Cold damage and suffer 1 level of fatigue.<br><br>Summon Garm (recharge 5/6). Stormy Knight summons 3 Garm Babies within 30ft of itself.; Stormy Knight can take 3 Legendary actions from the options below. Only one legendary action may be used at a time and only at the end of another creature's turn. Stormy Knight regains spent Legendary Actions at the start of it turn.<br><br>Detect. Stormy Knight makes a Wisdom (Perception) check.<br><br>Summon Garm (if Available).<br><br>Storm Gust (If Available).<br><br>Charge. Stormy Knight moves up to its speed without provoking opportunity attacks, and makes 2 Greatsword Attacks.<br><br>; Keen Senses. Stormy Knight gains advantage on all perception checks that rely on hearing.<br><br>
Atroce; Huge Hummanoid; Evil; 17; ; 388; ; 60ft; 24; 22; 23; 14; 23; 11; Constitution +3, Wisdom +3; Passive Perception 17; Bludgeoning; ; ; Darkvision 120ft; Abyssal, Common; 20; 20,000; ; Multiattack. Atroce make 3 attacks of any combination of Cleaver, Grab, and Kick.<br><br>Cleaver. Melee Weapon Attack: +11 to hit, Reach 10ft., one target. Hit: 23 (2d12 +10) Slashing damage.<br><br>Grab. Melee Weapon Attack: +11 to hit, reach 10ft., one target. Hit: 25 (3d10 +8) Bludgeoning damage and the target must succeed a DC 18 Strength saving throw or become Grappled (Escape DC 17).<br><br>Kick. Melee Weapon Attack: +11 to hit, Reach 10ft., one target. Hit: 22 (3d8 +9) Bludgeoning damage and the target is pushed back up to 40ft. If the target ends this movement next to a solid wall or object, it suffers and additional 20 (2d10 +9) Bludgeoning Damage.<br><br>; Atroce can use 3 Legendary Actions from the options below. Only one Legendary Action may be used at a time, and only at the end of another creature's turn. Atroce regains spent Legendary actions at the start of its turn.<br><br>Grab.<br><br>Kick.<br><br>Throw. Atroce throws a target it has grappled up to 120ft. The target must make a DC 20 Acrobatics check, suffering 30 (3d10 +13) Bludgeoning damage and being knocked prone on a failed save, and half as much on a successful one. If the target ends this movement next to a solid wall or object, it suffers an additional 20 (2d10 +9) Bludgeoning damage.<br><br>Summon Gallions (Recharge 6). Atroce summons 3 Gallions within 30ft of itself.<br><br>Magnum Break (Costs 2 Actions). Atroce Throws his Cleaver into the ground up to 60ft away and it releases a powerful explosion. All creatures within 30ft of the Cleaver must make a DC 18 Dexterity saving throw, suffering 60 (6d10 +25) Fire damage on a failed roll, and half as much on a successful one. This action cannot be used again until Atroce Picks his cleaver back up.<br><br>Howl (recharge 6). Atroce emits an ear-shattering scream. All creatures that can hear Atroce must succeed a DC 18 Constitution saving throw or become deafened and stunned until the end of their next turn.<br>; Verifying Visage. The resonating power and ferocity is too much for mere men. All creatures that begin their turn within 30ft of Atroce must succeed a DC 19 Wisdom saving throw or become frightened until the end of their next turn. If the creature passes this check, it no longer needs to make one at the beginning of its turn.<br><br>Berserk. While Atroce has 194 or fewer hit points, he gains an additional Legendary Action.
Garm Baby; Medium Beast; Neutral; 16; ; 47; ; 45ft; 18; 15; 13; 7; 13; 8; Wisdom +3, Constitution +2; Passive Perception 14; ; Cold; ; ; ; 4; 1,100; ; Frost Diver. Ranged Magic Attack: +6 to hit, range 60ft., One target.. Hit: 18 (2d10 +7) Cold damage and the target must succeed a DC 15 Strength Saving throw or become Restrained until the end of their next turn.<br><br>Bite. Melee Weapon Attack: +6 to hit, range 5ft., One target. Hit: 20 (2d12 +7) Piercing damage.; ; Keen Senses. Garm Baby has advantage on Perception checks that rely on smell.
Garm; Huge Beast; Neutral; 18; ; 198; ; 45ft; 25; 18; 20; 16; 17; 11; Dextiery +2, Constitution +3, Wisdom +2; Passive Perception 15; Fire; Cold; ; ; ; 10; 5,000; ; Multiattack. Garm Makes 2 Claw Attacks<br><br>Claw. Melee Weapon attack: +8 to hit, reach 10ft., one target. Hit: 20 (2d12 +7) Slashing Damage.<br><br>Sharpen Claws. Garm Gains an additional 7 (1d8 +3) Cold damage on his Claw Attacks.<br><br>Storm Gust (recharge 6). Garm conjures a power blizzard around itself for 1d4 rounds. Creatures within 30ft of Stormy Knight at the end of their turn while the blizzard is active must succeed a DC 15 Constitution saving throw or suffer 25 (3d8 +11) Cold damage and suffer 1 level of fatigue.<br><br>Summon Garm (recharge 5/6). Stormy Knight summons 3 Garm Babies within 30ft of itself.; Garm can take 2 Legendary actions from the options below. Only one legendary action may be used at a time and only at the end of another creature's turn. Garm regains spent Legendary Actions at the start of it turn.<br><br>Detect. Garm makes a Wisdom (Perception) check.<br><br>Summon Garm (if Available).<br><br>Storm Gust (If Available).<br><br>Charge (Costs 2 Actions). Garm moves up to its speed and can move through other creature's spaces during this move. Each creature Garm passes through must succeed a DC 15 Dexterity saving throw or suffer 17 (3d8 +3) Bludgeoning damage.<br><br>; Keen Senses. Garm gains advantage on all perception checks that rely on hearing.<br><br>Ice Aura. When Garm uses the Sharpened claws action, it gains a cumulative 5ft Aura of frigid air. Creatures that end their turn inside the aura take 10 (2d6 +3) Cold Damage.
Diablos; Huge Beast; Neutral; 18; ; 245; ;  45ft, Burrow 45ft; 22; 20; 21; 9; 17; 5; Constitution +3; Passive Perception 14; Slashing, Piercing; ; ; Tremorsense 120ft; ; 17; 16,500; ; Multiattack. Diablos makes 2 Trash and 1 Tail Swipe attack.<br><br>Trash. Melee Weapon attack: +10 to hit, range 10ft., one target. Hit: 26 (3d12 +6) Piercing damage. Diablos can move up to 10ft without provoking opportunity attacks before or after this action.<br><br>Tail Swipe. Melee Weapon Attack: +10 to hit, range 10ft., one target. Hit: 25 (4d8 +7) Bludgeoning damage and the target is pushed back up to 30ft.; Diablos can use 3 Legendary Actions from the options below. Only one Legendary Action may be used at a time and only at the end of another creature's turn. Diablos regains spent Legendary Actions at the start of its turn.<br><br>Tail Swipe.<br><br>Detect. Diablos makes a Wisdom (Perception) check.<br><br>Move.<br><br>Howl (Recharge 5/6). Diablos lets out an ear-shattering roar. Creatures that can hear it must succeed a DC 18 Constitution saving throw or become deafened and stunned until the end of their next turn.<br><br>; Ambusher. Diablos deals an additional 20 (2d10 +9) Piercing damage with attacks it has advantage with.<br><br>
Seregios; Huge Beast; Neutral; 17; ; 277; ; 30ft., Fly 60ft; 23; 22; 23; 9; 17; 6; Constitution +3; Passive Perception 14; Piercing; ; ; ; ; 16; 15,000; ; Multiattack. Seregios makes 2 Claw and 1 Spine throw attack.<br><br>Claw. Melee Weapon Attack: +10 to hit, range 5ft., one target. Hit: 18 (2d12 +5) Slashing damage and the target must succeed a DC 17 Dexterity saving throw or become bloodied.<br><br>Spine Throw. Ranged Weapon Attack: +10 to hit, range 60ft., one target. Hit: 25 (3d12 +5) Piercing damage and the target must succeed a DC 17 Dexterity saving throw or become bloodied.; Seregios can use 3 Legendary actions from the options below. Only one legendary Action may be used at a time, and only at the end of another creature's turn. Seregios regains spent Legendary Actions at the start of its turn.<br><br>Spine Throw.<br><br>Detect. Seregios makes a Wisdom (Perception) Check.<br><br>Howl (Recharge 5/6). Seregios lets out an ear-shattering howl. Creatures that can hear it must succeed a DC 17 Constitution saving throw or become Deafened and Stunned until the end of their next turn.; Keen Senses. Seregios gains advantage on Perception rolls that rely on sight.<br><br>Enraged. While Seregios has 138 or fewer hit points, It deals an additional 12 (1d12+6) Piercing damage on each of its attacks.<br><br>Bloodied. Each Bloodied target suffers 1d12 Damage for each 5ft it moves. A target may spend an action to bandage patch themselves and cure the condition.
Yian Garuga; Large Beast; Neutral; 16; ; 193; ; 30 ft, Fly 50 ft; 21; 19; 20; 6; 15; 5; Constitution +2, Dexterity +1, Wisdom +2; Passive Perception 14; Bludgeoning; Poison; Poisoned; Darkvision 30ft; ; 10; 9,500; ; Multiattack. Yian Garuga Makes 3 attacks of any combination of Fireball, Tail Whip, or Peck.<br><br>Peck. Melee Weapon Attack: +8 to hit, range 5ft., one target. Hit: 15 (3d6 +4) Bludgeoning Damage.<br><br>Fireball. Ranged Magic Attack: +8 to hit, range 30ft., one target. Hit: 17 (3d8 +3) Fire Damage.<br><br>Tail Whip. Melee Weapon Attack: +8 to hit, range 10ft., one target. Hit: 16 (2d10 +5) Piercing damage, and the target must succeed a DC 16 Constitution saving throw or become Poisoned.; Yian Garuga can use 3 Legendary actions from the options below. Only one legendary Action may be used at a time, and only at the end of another creature's turn. Yian Guruga regains spent Legendary Actions at the start of its turn.<br><br>Fly-by Attack (Costs 2 Actions). Yian Garuga moves up to its speed and can move through occupied spaces. Each creature it passes through must succeed a DC 16 Dexterity saving throw or suffer 22 (2d12 +9) Slashing damage and become Poisoned.<br><br>Tail Whip.<br><br>Detect. Yian Garuga makes a Wisdom (Perception) Check.<br><br>Howl (Recharge 5/6). Yian Garuga lets out an ear-shattering howl. Creatures that can hear it must succeed a DC 16 Constitution saving throw or become Deafened and Stunned until the end of their next turn.; Enraged. While Yian Garuga has 97 or fewer hit points, Each creature hit by a Peck, Fireball, or Tail Whip attack must succeed a DC 16 Dexterity saving throw or be knocked prone.
Kirin; Large Beast; Neutral; 17; ; 193; ; 60ft; 19; 22; 18; 9; 18; 6; Constitution +2, Wisdom +2; Passive Perception 16; Lightning; ; ; ; ; 11; 11,000; ; Trample. Melee Weapon Attack: +8 to hit, reach 5ft., one target. Hit: 25 (4d6 +11) Bludgeoning damage and 8 (1d6 +5) Lightning damage.<br><br>Thunder Storm (recharge 5/6). Kirin calls down a barrage of thunder bolts in 30ft radius it can see. Creatures in the radius must make a DC 17 Dexterity saving throw, suffering 30 (4d10 +8) Lightning damage and become Paralyzed for 1d4 rounds on a failed roll, and half as much without paralysis on a successful one.<br>; Kirin can use 3 Legendary actions from the options below. Only one legendary Action may be used at a time, and only at the end of another creature's turn. Kirin regains spent Legendary Actions at the start of its turn.<br><br>Trample.<br><br>Detect. Kirin makes a Wisdom (Perception) check.<br><br>Thunder Storm (costs 2 Actions) (If Available).; Fast Mover. Kirin can move up to its speed without provoking opportunity attacks after each attack.<br><br>Enrage. While Kirin has 97 or fewer hit points, it leaves behind a 5ftx5ft pillar of lightning on the ground for each 5ft it moves. Creatures that enter or end their turn in the pillar suffer 10 (2d6 +3) Lightning Damage. Pillars last until the end of the turn.
Khezu; Huge Beast; Neutral; 16; ; 188; ; 30 ft, Climb 30ft; 17; 18; 24; 9; 24; 6; Constitution +2, Wisdom +3; Passive Perception 17; Lightning; ; Paralyzed; Blindsight 120ft; ; 7; 5,000; ; Lightning Bomb. Khezu throws a 5ftx5ft sticky ball of lightning onto the ground up to 60ft away for 1d4 rounds. Creatures in or adjacent to the ball must Succeed a DC 15 Dexterity saving throw or suffer 28 (3d8 +14) Lightning Damage.<br><br>Lightning Breathe (recharge 5/6). Khezu throws a volley of lightning balls in a 60ft cone in front of itself. Creatures in the blast must make a DC 15 Dexterity Saving throw, suffering 30 (4d10 +8) Lightning damage and becoming Paralyzed for 1d4 rounds on a failed throw, or half as much and no paralysis on a successful one.<br>; Khezu can use 2 Legendary actions from the options below. Only one legendary Action may be used at a time, and only at the end of another creature's turn. Khezu regains spent Legendary Actions at the start of its turn.<br><br>Charge. Khezu moves up to its speed without provoking opportunity attacks, and it can pass through occupied spaces. Creatures that Khezu passes through must succeed a DC 16 Dexterity saving throw or suffer 20 (4d6 +6) Lightning damage and suffer from Lightning Blight.<br><br>Detect. Khezu makes a Wisdom (Perception) check.<br><br>; Keen Senses. Khezu has advantage on Perception checks that rely on Smell.<br><br>Lightning Blight. While blighted, creatures receive an additional 10 (2d10) Lightning damage from any attack that deals lightning damage.
Gravios; Huge Beast; Neutral; 19; ; 145; ; 30ft, Fly 20ft; 24; 20; 25; 6; 15; 9; Constitution +2; Passive Perception 13; Fire, Slashing; ; ; ; ; 9; 5,000; ; Multiattack. Gravios makes 3 Fireball attacks.<br><br>Fireball. Ranged Magic Attack: +8 to hit, range 45ft., one target. Hit: 17 (2d8 +8) Fire damage. Gravios can move up to 10ft after making this attack.<br><br>Fire Beam (recharge 5/6). Gravios Fires a Ray of Fire in a 60ftx5ft line in front of it. Creatures in the blast must succeed a DC 16 Dexterity saving throw or suffer 50 (5d10 +22) Fire damage.<br><br>Sleep Gas (recharge 5/6). Gravios releases a toxic cloud from its pores in a 10ft radius from itself. Creatures in the blast must succeed a DC 16 Constitution saving throw or fall asleep for 1d4 rounds.; Gravios can use 3 Legendary Actions from the options below. Only one Legendary Action can be used at a time, and only at the end of another creature's turn.<br><br>Tail Whip. Melee Weapon Attack: +8 to hit, reach 10ft., one target. Hit: 26 (4d8 +8) Bludgeoning damage.<br><br>Detect. Gravios makes a Wisdom (perception) check.<br><br>Howl. (Costs 2 Actions) Gravios lets out a loud roar. All creatures that can hear it must succeed a DC 16 Constitution saving throw or become deafened and stunned until the end of their next turn.<br>; Trampling. Gravios can occupy the same space as a medium or smaller creature. Creatures who are in the same space as Gravios must succeed a DC 16 Acrobatics check or suffer 10 (2d6 +3) Bludgeoning damage and be pushed 5ft away.
Kecha Wacha; Large Beast; Neutral; 15; ; 86; ; 30 ft, Climb 30ft, fly 30 ft; 18; 15; 16; 8; 14; 10; Constitution +1, Wisdom +1; Passive Perception 12; ; ; ; ; ; 4; 1,800; ; Water Spit. Ranged Magic Attack: +5 to hit, range 45ft., one target. Hit: 13 (2d6 +6) Cold damage and the target must succeed a DC 14 Constitution saving throw or become slowed for 1d4 rounds.<br><br>Ground Pound. Kecha Wacha slams his fist into the ground around him. All creatures within 5ft of Kechca Wacha must make a DC 14 Dexterity saving throw, suffering 15 (2d8 +6) Bludgeoning damage on failed roll, and half as much on a successful one.<br>; Kecha Wacha can use 2 Legendary actions from the options below. Only one Legendary action may be used at a time and only at the end of another creature's turn. Kecha Wacha regains spent Legendary actions at the start of its turn.<br><br>Fly-by attack (costs 2 actions). Kecha Wacha moves up to its speed and can pass through occupied spaces. All creatures Kecha Wacha moves through must succeed a DC 15 dexterity saving throw or suffer 20 (2d10 +9) slashing damage.<br><br>Water Spit.<br>;
Cephadrome; Huge Beast; Neutral; 17; ; 169; ; 30 ft, Burrow 45ft; 22; 19; 20; 8; 16; 10; Constitution +2, Wisdom +3; Passive Perception 14; ; ; Blind; Tremorsense 120ft; ; 7; 3,000; ; Sand Spit. Ranged Weapon Attack: +6 to hit, range 45ft., one target. Hit: 30 (4d10 +8) Bludgeoning damage and the target must succeed a DC 16 constitution saving throw or become blinded for 1d4 rounds.<br><br>Hip Check. Melee Weapon attack: +6 to hit, reach 10ft., one target. Hit: 27 (3d12 +7) Bludgeoning damage. Cephadrome may move up to 20ft after this action.; Cephadrome can use 2 Legendary actions from the options below. Only one Legendary action may be used at a time and only at the end of another creature's turn. Cephadrome regains spent Legendary actions at the start of its turn.<br><br>Move.<br><br>Sand Spit<br>; 
Plum Daiymo Hermitaur; Huge Aquatic Beast; Neutral; 19; ; 276; ; 30 ft, Burrow 30 ft.; 24; 20; 21; 6; 13; 7; Wisdom +2, Strength +3; Passive Perception 13; Slashing, Piercing, cold; ; ; Tremorsense 120ft; ; 12;  9,000; ; Multiattack. Plum Daiymo Hermitaur makes 2 claw and 1 Lunge attack.<br><br>Claw. Melee Weapon Attack: +10 to hit, range 10ft., one target. Hit: 20 (2d10 +9) Slashing damage and the target must succeed a DC 17 Strength Saving throw or become grappled (Escape DC 16). <br><br>Lunge. Plum Daiymo Hermitaur leaps into the air and crashes down in a space within 60ft. Each creature that occupies the same space as the Hermitaur at the end of the jump must make a DC 16 Dexterity saving throw or suffer 22 (2d12 +9) Bludgeoning Damage.<br><br>; Plum Daimyo Hermitaur can use 3 Legendary Actions from the options shown below. Only one Legendary Action may be used at a time and only at the end of another creature's turn. Plum Daiymo Hermitaur regains spent Legendary Actions at the start of its turn.<br><br>Water Spout. Plum Daiymo Hermitaur shoots a beam of pressurized water in a 60ftx5ft line. Creatures in the line must succeed a DC 16 Dexterity saving throw or suffer 25 (4d8 +7) Cold damage and suffer 1 level of Exhaustion.<br><br>Detect. The Hermitaur makes a Wisdom (perception) check.<br><br>Devour (costs 2 Actions). The Hermitaur Bites a grappled creature. The creature suffers 3d10 Piercing damage and hermitaur regains hit points equal to half of the damage delt.; 
Rajang; Huge Beast; Neutral; 18; ; 412; ; 60 ft, Jump 45 ft, Climb 45 ft; 28; 24; 24; 14; 25; 11; Wisdom +2, Strength +3, Constitution +3; passive Perception 19; Lightning; ; Incapacitated; ; ; 19; 22,000; ; Multiattack. Rajang Makes 2 Fist Crush Attacks and 1 Ground Pound Attack.<br><br>Fist Crush. Melee Weapon Attack: +12 to hit, reach 10ft., one target. Hit: 30 (4d12 +16) Bludgeoning damage, and the target must succeed a DC 21 Strength check become grappled (Escape DC 20).<br><br>Ground Pound. Melee Weapon Attack: +12 to hit, reach 30ft., one target and each creature within 10ft of the initial target. Hit: 35 (10d6) Bludgeoning damage.<br><br>Throw the World (recharge 5/6). Rajang picks up a 30 cubic square of land and throws it at the party, leaving behind difficult terrain. One target and each creature within 30ft of the target must make a DC 22 Dexterity saving throw, suffering 80 (20d6 +5) Bludgeoning damage on a failed roll, and half as much on a successful one.<br>; Rajang can use 3 Legendary Actions from the options shown below. Only one Legendary Action may be used at a time and only at the end of another creature's turn. Rajang regains spent Legendary Actions at the start of its turn.<br><br>Throw. Rajang throws a creature it has grappled up to 120ft away. The grappled creature suffers 5d10 bludgeoning damage, and an additional 4d10 bludgeoning damage if they end the movement adjacent to a wall or solid object.<br><br>Lightning Beam (Costs 2 Actions). Rajang Fires a continuous beam of Lightning in a 120ftx5ft line. Creatures in the line must succeed a DC 22 Dexterity Saving throw or suffer 60 (8d12 +21) Lightning damage.<br><br>Detect. The Hermitaur makes a Wisdom (perception) check.<br><br>; Furious. At the start of each of Rajang's turns roll a D6 and the following effects occur.<br>1-Remove all bonuses obtained by Furious<br>2-Reduces all bonuses granted by Furious by 1 stage<br>3-Lightning attacks deals an additional 1d12 Lightning damage.<br>4-Melee attacks deal an additional 1d12 bludgeoning damage.<br>5-+1AC<br>6-Gain 1 additional Legendary Action